,Genotype,Gain,Loss,Isolate_Count,rate,net_gain,net_loss,cluster,category
1,aac(2')-IIa,10,0,12,1.2,12,0,2,GC
2,aac(3),133,2,159,1.213740458,161.4274809,2.427480916,4,GC
3,aac(3)-I,1,0,1,1,1,0,1,TBD
4,aac(3)-Ib,2,0,2,1,2,0,1,TBD
5,aac(3)-II,214,1,241,1.131455399,242.1314554,1.131455399,4,GC
6,aac(3)-IIa,256,17,419,1.753138075,448.8033473,29.80334728,4,GC
7,aac(3)-IId,486,13,681,1.4397463,699.7167019,18.7167019,3,SS
8,aac(3)-IV,271,5,350,1.315789474,356.5789474,6.578947368,4,GC
9,aac(3)-VIa,250,5,318,1.297959184,324.4897959,6.489795918,4,GC
10,aac(6'),4,0,6,1.5,6,0,2,GC
11,aac(6')-33,2,0,2,1,2,0,1,TBD
12,aac(6')-Ia,2,0,2,1,2,0,1,TBD
13,aac(6')-Ian,2,0,2,1,2,0,1,TBD
14,aac(6')-Ib,180,6,251,1.442528736,259.6551724,8.655172414,4,GC
15,aac(6')-Ib-cr,171,21,318,2.12,362.52,44.52,4,GC
16,aac(6')-Ib-cr5,238,4,341,1.457264957,346.8290598,5.829059829,4,GC
17,aac(6')-Ib-cr7,1,0,1,1,1,0,1,TBD
18,aac(6')-Ib',15,0,16,1.066666667,16,0,2,GC
19,aac(6')-Ib11,5,0,5,1,5,0,2,GC
20,aac(6')-Ib3,40,0,48,1.2,48,0,2,GC
21,aac(6')-Ib4,14,1,22,1.692307692,23.69230769,1.692307692,2,GC
22,aac(6')-IIa,2,0,2,1,2,0,1,TBD
23,aac(6')-IIc,5,0,6,1.2,6,0,2,GC
24,aac(6')-Il,14,0,14,1,14,0,2,GC
25,aacA,1,0,1,1,1,0,1,TBD
26,aacA34,1,0,1,1,1,0,1,TBD
27,aad9,4,0,4,1,4,0,2,GC
28,aadA1,1548,121,3521,2.467414156,3819.557113,298.5571128,3,SS
29,aadA10,1,0,1,1,1,0,1,TBD
30,aadA12,38,0,41,1.078947368,41,0,2,GC
31,aadA13,18,0,21,1.166666667,21,0,2,GC
32,aadA15,13,0,14,1.076923077,14,0,2,GC
33,aadA16,38,1,43,1.162162162,44.16216216,1.162162162,2,GC
34,aadA17,1,0,1,1,1,0,1,TBD
35,aadA2,815,52,1250,1.638269987,1335.190039,85.19003932,3,SS
36,aadA21,3,0,3,1,3,0,1,TBD
37,aadA22,89,0,94,1.056179775,94,0,4,GC
38,aadA24,34,0,43,1.264705882,43,0,2,GC
39,aadA25,21,0,22,1.047619048,22,0,2,GC
40,aadA3,3,0,3,1,3,0,1,TBD
41,aadA4,11,0,11,1,11,0,2,GC
42,aadA5,481,118,1369,3.771349862,1814.019284,445.0192837,3,SS
43,aadA6,28,0,28,1,28,0,2,GC
44,aadA7,34,0,44,1.294117647,44,0,2,GC
45,aadA8,5,0,5,1,5,0,2,GC
46,aadD1,2,0,2,1,2,0,1,TBD
47,abc-f,15,0,16,1.066666667,16,0,2,GC
48,ampC,90,3,276,3.172413793,285.5172414,9.517241379,4,GC
49,ant,7,0,12,1.714285714,12,0,2,GC
50,ant(2'')-Ia,87,1,117,1.360465116,118.3604651,1.360465116,4,GC
51,ant(3''),176,3,228,1.317919075,231.9537572,3.953757225,4,GC
52,ant(3'')-Ia,6,0,6,1,6,0,2,GC
53,ant(6),1,0,1,1,1,0,1,TBD
54,aph(3''),123,0,125,1.016260163,125,0,4,GC
55,aph(3'')-Ib,2370,568,6830,3.790233074,8982.852386,2152.852386,3,SS
56,aph(3'),12,0,13,1.083333333,13,0,2,GC
57,aph(3')-I,9,0,9,1,9,0,2,GC
58,aph(3')-Ia,1044,54,1746,1.763636364,1841.236364,95.23636364,3,SS
59,aph(3')-Ib,1,0,1,1,1,0,1,TBD
60,aph(3')-II,16,0,18,1.125,18,0,2,GC
61,aph(3')-IIa,205,0,245,1.195121951,245,0,4,GC
62,aph(3')-VI,8,0,8,1,8,0,2,GC
63,aph(3')-VIa,2,0,2,1,2,0,1,TBD
64,aph(3')-VIb,1,0,1,1,1,0,1,TBD
65,aph(3')-XV,4,0,4,1,4,0,2,GC
66,aph(4)-Ia,251,8,312,1.283950617,322.2716049,10.27160494,4,GC
67,aph(6)-I,164,0,181,1.103658537,181,0,4,GC
68,aph(6)-Ic,83,0,99,1.192771084,99,0,4,GC
69,aph(6)-Id,2366,572,6809,3.795429208,8979.985507,2170.985507,3,SS
70,armA,24,0,26,1.083333333,26,0,2,GC
71,arr,21,0,22,1.047619048,22,0,2,GC
72,arr-2,32,0,32,1,32,0,2,GC
73,arr-3,127,1,146,1.158730159,147.1587302,1.158730159,4,GC
74,bla,214,0,237,1.107476636,237,0,4,GC
75,blaACC,1,0,2,2,2,0,1,TBD
76,blaACC-1,2,0,2,1,2,0,1,TBD
77,blaACC-1d,1,0,1,1,1,0,1,TBD
78,blaACT,3,0,5,1.666666667,5,0,2,GC
79,blaACT-17,1,0,4,4,4,0,2,GC
80,blaACT-4,1,0,1,1,1,0,1,TBD
81,blaACT-45,1,0,1,1,1,0,1,TBD
82,blaACT-52,1,0,1,1,1,0,1,TBD
83,blaCAR,1,0,1,1,1,0,1,TBD
84,blaCARB,1,0,1,1,1,0,1,TBD
85,blaCARB-2,42,0,44,1.047619048,44,0,2,GC
86,blaCMY,55,1,59,1.092592593,60.09259259,1.092592593,4,GC
87,blaCMY-111,1,0,1,1,1,0,1,TBD
88,blaCMY-140,2,0,2,1,2,0,1,TBD
89,blaCMY-16,3,0,3,1,3,0,1,TBD
90,blaCMY-2,437,7,571,1.327906977,580.2953488,9.295348837,4,GC
91,blaCMY-23,1,0,1,1,1,0,1,TBD
92,blaCMY-24,1,0,1,1,1,0,1,TBD
93,blaCMY-33,1,0,1,1,1,0,1,TBD
94,blaCMY-4,16,0,16,1,16,0,2,GC
95,blaCMY-42,27,2,47,1.88,50.76,3.76,2,GC
96,blaCMY-44,1,0,1,1,1,0,1,TBD
97,blaCMY-48,1,0,2,2,2,0,1,TBD
98,blaCMY-58,1,0,1,1,1,0,1,TBD
99,blaCMY-59,1,0,1,1,1,0,1,TBD
100,blaCMY-6,15,0,18,1.2,18,0,2,GC
101,blaCMY-65,1,0,1,1,1,0,1,TBD
102,blaCMY-7,2,0,2,1,2,0,1,TBD
103,blaCMY-75,1,0,1,1,1,0,1,TBD
104,blaCMY-82,1,0,1,1,1,0,1,TBD
105,blaCTX-M,45,0,45,1,45,0,2,GC
106,blaCTX-M-1,168,0,193,1.148809524,193,0,4,GC
107,blaCTX-M-104,1,0,1,1,1,0,1,TBD
108,blaCTX-M-115,2,0,3,1.5,3,0,1,TBD
109,blaCTX-M-116,1,0,1,1,1,0,1,TBD
110,blaCTX-M-123,10,0,11,1.1,11,0,2,GC
111,blaCTX-M-125,3,0,3,1,3,0,1,TBD
112,blaCTX-M-132,1,0,1,1,1,0,1,TBD
113,blaCTX-M-134,1,0,1,1,1,0,1,TBD
114,blaCTX-M-14,291,3,370,1.284722222,373.8541667,3.854166667,4,GC
115,blaCTX-M-15,361,72,927,3.207612457,1157.948097,230.9480969,3,SS
116,blaCTX-M-166,1,0,1,1,1,0,1,TBD
117,blaCTX-M-174,2,0,2,1,2,0,1,TBD
118,blaCTX-M-179,1,0,1,1,1,0,1,TBD
119,blaCTX-M-182,1,0,1,1,1,0,1,TBD
120,blaCTX-M-2,23,0,24,1.043478261,24,0,2,GC
121,blaCTX-M-24,8,0,12,1.5,12,0,2,GC
122,blaCTX-M-27,76,8,162,2.382352941,181.0588235,19.05882353,4,GC
123,blaCTX-M-3,29,0,33,1.137931034,33,0,2,GC
124,blaCTX-M-32,13,0,14,1.076923077,14,0,2,GC
125,blaCTX-M-55,241,1,304,1.266666667,305.2666667,1.266666667,4,GC
126,blaCTX-M-64,4,0,4,1,4,0,2,GC
127,blaCTX-M-65,64,0,78,1.21875,78,0,4,GC
128,blaCTX-M-8,29,0,31,1.068965517,31,0,2,GC
129,blaCTX-M-9,2,0,2,1,2,0,1,TBD
130,blaDHA,2,0,2,1,2,0,1,TBD
131,blaDHA-1,35,0,47,1.342857143,47,0,2,GC
132,blaDHA-20,1,0,1,1,1,0,1,TBD
133,blaDHA-7,1,0,1,1,1,0,1,TBD
134,blaEC,23,109,28244,-328.4186047,-7553.627907,-35797.62791,3,SS
135,blaEC-15,2,0,2,1,2,0,1,TBD
136,blaEC-5,10,17,649,-92.71428571,-927.1428571,-1576.142857,3,SS
137,blaFOX,1,0,1,1,1,0,1,TBD
138,blaFOX-5,4,0,4,1,4,0,2,GC
139,blaGES,1,0,1,1,1,0,1,TBD
140,blaGES-5,4,0,4,1,4,0,2,GC
141,blaGIL,1,0,1,1,1,0,1,TBD
142,blaHER,8,0,8,1,8,0,2,GC
143,blaHER-3,52,0,55,1.057692308,55,0,2,GC
144,blaI,2,0,2,1,2,0,1,TBD
145,blaIMI,1,0,1,1,1,0,1,TBD
146,blaIMP-1,3,0,3,1,3,0,1,TBD
147,blaIMP-14,1,0,1,1,1,0,1,TBD
148,blaIMP-26,1,0,1,1,1,0,1,TBD
149,blaIMP-27,3,0,3,1,3,0,1,TBD
150,blaIMP-4,7,0,7,1,7,0,2,GC
151,blaIMP-6,1,0,1,1,1,0,1,TBD
152,blaKPC,1,0,1,1,1,0,1,TBD
153,blaKPC-18,1,0,1,1,1,0,1,TBD
154,blaKPC-2,44,0,53,1.204545455,53,0,2,GC
155,blaKPC-3,36,0,39,1.083333333,39,0,2,GC
156,blaKPC-4,5,0,5,1,5,0,2,GC
157,blaLAP,2,0,2,1,2,0,1,TBD
158,blaLAP-1,1,0,1,1,1,0,1,TBD
159,blaLAP-2,24,0,24,1,24,0,2,GC
160,blaLAT,1,0,1,1,1,0,1,TBD
161,blaLEN-13,1,0,1,1,1,0,1,TBD
162,blaMIR-12,1,0,1,1,1,0,1,TBD
163,blaNDM,2,0,2,1,2,0,1,TBD
164,blaNDM-1,49,1,63,1.3125,64.3125,1.3125,4,GC
165,blaNDM-21,1,0,1,1,1,0,1,TBD
166,blaNDM-4,4,0,4,1,4,0,2,GC
167,blaNDM-5,67,8,130,2.203389831,147.6271186,17.62711864,4,GC
168,blaNDM-6,1,0,1,1,1,0,1,TBD
169,blaNDM-7,9,0,10,1.111111111,10,0,2,GC
170,blaNDM-9,22,0,31,1.409090909,31,0,2,GC
171,blaOCH,1,0,2,2,2,0,1,TBD
172,blaOKP,1,0,1,1,1,0,1,TBD
173,blaOXA,51,1,63,1.26,64.26,1.26,4,GC
174,blaOXA-1,325,116,1312,6.277511962,2040.191388,728.1913876,3,SS
175,blaOXA-10,34,0,35,1.029411765,35,0,2,GC
176,blaOXA-129,1,0,1,1,1,0,1,TBD
177,blaOXA-163,1,0,1,1,1,0,1,TBD
178,blaOXA-181,8,0,16,2,16,0,2,GC
179,blaOXA-2,16,1,35,2.333333333,37.33333333,2.333333333,2,GC
180,blaOXA-232,3,0,3,1,3,0,1,TBD
181,blaOXA-244,5,0,6,1.2,6,0,2,GC
182,blaOXA-364,1,0,1,1,1,0,1,TBD
183,blaOXA-4,2,0,2,1,2,0,1,TBD
184,blaOXA-48,25,0,27,1.08,27,0,2,GC
185,blaOXA-9,28,0,28,1,28,0,2,GC
186,blaOXY,1,0,3,3,3,0,1,TBD
187,blaPC1,1,0,1,1,1,0,1,TBD
188,blaPER-2,1,0,1,1,1,0,1,TBD
189,blaPSE,1,0,1,1,1,0,1,TBD
190,blaR1,1,0,1,1,1,0,1,TBD
191,blaROB,1,0,1,1,1,0,1,TBD
192,blaSED,1,0,2,2,2,0,1,TBD
193,blaSFO-1,1,0,1,1,1,0,1,TBD
194,blaSHV,5,0,5,1,5,0,2,GC
195,blaSHV-1,12,0,16,1.333333333,16,0,2,GC
196,blaSHV-11,1,0,2,2,2,0,1,TBD
197,blaSHV-12,67,0,72,1.074626866,72,0,4,GC
198,blaSHV-2,5,0,5,1,5,0,2,GC
199,blaSHV-26,1,0,1,1,1,0,1,TBD
200,blaSHV-27,1,0,1,1,1,0,1,TBD
201,blaSHV-2A,3,0,3,1,3,0,1,TBD
202,blaSHV-33,1,0,1,1,1,0,1,TBD
203,blaSHV-5,2,0,2,1,2,0,1,TBD
204,blaSHV-7,3,0,3,1,3,0,1,TBD
205,blaSRT,1,0,3,3,3,0,1,TBD
206,blaTEM,214,6,250,1.201923077,257.2115385,7.211538462,4,GC
207,blaTEM-1,2158,515,5679,3.456482045,7459.088253,1780.088253,3,SS
208,blaTEM-10,3,0,3,1,3,0,1,TBD
209,blaTEM-105,1,0,1,1,1,0,1,TBD
210,blaTEM-116,25,0,25,1,25,0,2,GC
211,blaTEM-12,6,0,6,1,6,0,2,GC
212,blaTEM-135,28,0,30,1.071428571,30,0,2,GC
213,blaTEM-148,1,0,1,1,1,0,1,TBD
214,blaTEM-154,1,0,1,1,1,0,1,TBD
215,blaTEM-156,1,0,1,1,1,0,1,TBD
216,blaTEM-166,1,0,1,1,1,0,1,TBD
217,blaTEM-169,3,0,3,1,3,0,1,TBD
218,blaTEM-176,5,0,5,1,5,0,2,GC
219,blaTEM-181,2,0,2,1,2,0,1,TBD
220,blaTEM-19,5,0,5,1,5,0,2,GC
221,blaTEM-190,9,0,9,1,9,0,2,GC
222,blaTEM-20,1,0,1,1,1,0,1,TBD
223,blaTEM-207,1,0,1,1,1,0,1,TBD
224,blaTEM-208,1,0,1,1,1,0,1,TBD
225,blaTEM-210,2,0,2,1,2,0,1,TBD
226,blaTEM-215,3,0,3,1,3,0,1,TBD
227,blaTEM-26,1,0,1,1,1,0,1,TBD
228,blaTEM-3,1,0,1,1,1,0,1,TBD
229,blaTEM-30,21,0,21,1,21,0,2,GC
230,blaTEM-32,2,0,2,1,2,0,1,TBD
231,blaTEM-33,6,0,6,1,6,0,2,GC
232,blaTEM-34,2,0,2,1,2,0,1,TBD
233,blaTEM-35,6,0,6,1,6,0,2,GC
234,blaTEM-40,13,0,15,1.153846154,15,0,2,GC
235,blaTEM-52,13,0,13,1,13,0,2,GC
236,blaTEM-54,1,0,1,1,1,0,1,TBD
237,blaTEM-57,11,0,12,1.090909091,12,0,2,GC
238,blaTEM-8,1,0,1,1,1,0,1,TBD
239,blaTEM-84,2,0,2,1,2,0,1,TBD
240,blaTEM-9,1,0,1,1,1,0,1,TBD
241,blaVEB-1,1,0,1,1,1,0,1,TBD
242,blaVEB-17,1,0,1,1,1,0,1,TBD
243,blaVEB-5,1,0,1,1,1,0,1,TBD
244,blaVIM-1,3,0,3,1,3,0,1,TBD
245,blaVIM-29,1,0,1,1,1,0,1,TBD
246,blaVIM-4,1,0,1,1,1,0,1,TBD
247,blaZ,1,0,1,1,1,0,1,TBD
248,ble,258,11,398,1.611336032,415.7246964,17.72469636,4,GC
249,ble-Sh,1,0,2,2,2,0,1,TBD
250,bleO,295,4,420,1.443298969,425.7731959,5.773195876,4,GC
251,catA,8,1,22,3.142857143,25.14285714,3.142857143,2,GC
252,catA1,579,91,1540,3.155737705,1827.172131,287.1721311,3,SS
253,catA2,67,0,71,1.059701493,71,0,4,GC
254,catA3,2,0,2,1,2,0,1,TBD
255,catB,3,0,4,1.333333333,4,0,2,GC
256,catB1,1,0,1,1,1,0,1,TBD
257,catB11,2,0,2,1,2,0,1,TBD
258,catB2,4,0,4,1,4,0,2,GC
259,catB3,214,5,277,1.325358852,283.6267943,6.626794258,4,GC
260,catB8,1,0,1,1,1,0,1,TBD
261,cfr,2,0,2,1,2,0,1,TBD
262,clpK,44,0,46,1.045454545,46,0,2,GC
263,cmlA,16,0,16,1,16,0,2,GC
264,cmlA1,468,9,670,1.459694989,683.1372549,13.1372549,3,SS
265,cmlA4,1,0,1,1,1,0,1,TBD
266,cmlA5,44,0,44,1,44,0,2,GC
267,cmlA6,15,0,19,1.266666667,19,0,2,GC
268,cphA,1,0,2,2,2,0,1,TBD
269,cphA1,1,0,1,1,1,0,1,TBD
270,dfr7,2,0,9,4.5,9,0,2,GC
271,dfrA,28,0,28,1,28,0,2,GC
272,dfrA1,733,45,2079,3.021802326,2214.981105,135.9811047,3,SS
273,dfrA10,3,0,3,1,3,0,1,TBD
274,dfrA12,662,22,1037,1.6203125,1072.646875,35.646875,3,SS
275,dfrA14,572,16,855,1.537769784,879.6043165,24.60431655,3,SS
276,dfrA15,42,1,54,1.317073171,55.31707317,1.317073171,2,GC
277,dfrA16,20,0,20,1,20,0,2,GC
278,dfrA17,531,129,1486,3.696517413,1962.850746,476.8507463,3,SS
279,dfrA19,19,0,19,1,19,0,2,GC
280,dfrA21,2,0,2,1,2,0,1,TBD
281,dfrA22,1,0,1,1,1,0,1,TBD
282,dfrA23,9,0,9,1,9,0,2,GC
283,dfrA24,3,0,3,1,3,0,1,TBD
284,dfrA25,10,0,10,1,10,0,2,GC
285,dfrA26,1,0,1,1,1,0,1,TBD
286,dfrA27,27,0,31,1.148148148,31,0,2,GC
287,dfrA3b,1,0,6,6,6,0,2,GC
288,dfrA5,207,17,372,1.957894737,405.2842105,33.28421053,4,GC
289,dfrA6,1,0,1,1,1,0,1,TBD
290,dfrA7,136,7,297,2.302325581,313.1162791,16.11627907,4,GC
291,dfrA8,298,12,460,1.608391608,479.3006993,19.3006993,4,GC
292,dfrB1,5,0,5,1,5,0,2,GC
293,dfrB4,6,0,7,1.166666667,7,0,2,GC
294,dfrF,1,0,1,1,1,0,1,TBD
295,ere(A),26,0,28,1.076923077,28,0,2,GC
296,ere(B),6,0,6,1,6,0,2,GC
297,ere(C),1,0,1,1,1,0,1,TBD
298,erm,2,0,2,1,2,0,1,TBD
299,erm-23S_rRNA,3,0,3,1,3,0,1,TBD
300,erm(42),17,0,17,1,17,0,2,GC
301,erm(B),246,1,302,1.232653061,303.2326531,1.232653061,4,GC
302,erm(C),1,0,1,1,1,0,1,TBD
303,erm(F),1,0,1,1,1,0,1,TBD
304,erm(T),13,0,14,1.076923077,14,0,2,GC
305,floR,866,44,1410,1.715328467,1485.474453,75.47445255,3,SS
306,fos,12,0,16,1.333333333,16,0,2,GC
307,fosA,92,8,189,2.25,207,18,4,GC
308,fosA3,177,7,276,1.623529412,287.3647059,11.36470588,4,GC
309,fosA4,11,0,11,1,11,0,2,GC
310,fosA5,5,0,5,1,5,0,2,GC
311,fosA7,49,35,190,13.57142857,665,475,3,SS
312,lnu,2,0,2,1,2,0,1,TBD
313,lnu(A),4,0,4,1,4,0,2,GC
314,lnu(B),20,0,20,1,20,0,2,GC
315,lnu(C),6,0,6,1,6,0,2,GC
316,lnu(F),100,0,107,1.07,107,0,4,GC
317,lnu(G),42,0,45,1.071428571,45,0,2,GC
318,mcr-1,118,0,129,1.093220339,129,0,4,GC
319,mcr-1.1,363,8,504,1.41971831,515.3577465,11.35774648,4,GC
320,mcr-1.2,1,0,1,1,1,0,1,TBD
321,mcr-1.4,1,0,1,1,1,0,1,TBD
322,mcr-1.5,2,0,3,1.5,3,0,1,TBD
323,mcr-1.7,1,0,1,1,1,0,1,TBD
324,mcr-2,1,0,1,1,1,0,1,TBD
325,mcr-3,2,0,2,1,2,0,1,TBD
326,mcr-3.1,4,0,4,1,4,0,2,GC
327,mcr-3.2,1,0,1,1,1,0,1,TBD
328,mcr-3.5,4,0,4,1,4,0,2,GC
329,mcr-5.1,3,0,5,1.666666667,5,0,2,GC
330,mef(B),87,0,102,1.172413793,102,0,4,GC
331,mef(C),2,0,2,1,2,0,1,TBD
332,mph_3,18,0,19,1.055555556,19,0,2,GC
333,mph(A),858,196,2104,3.178247734,2726.936556,622.9365559,3,SS
334,mph(B),87,0,124,1.425287356,124,0,4,GC
335,mph(E),27,0,30,1.111111111,30,0,2,GC
336,mph(G),2,0,2,1,2,0,1,TBD
337,msr(E),28,0,31,1.107142857,31,0,2,GC
338,oqxA,204,6,297,1.5,306,9,4,GC
339,oqxA10,1,0,1,1,1,0,1,TBD
340,oqxA2,62,0,66,1.064516129,66,0,4,GC
341,oqxA3,1,0,1,1,1,0,1,TBD
342,oqxB,227,9,348,1.596330275,362.3669725,14.36697248,4,GC
343,oqxB19,1,0,2,2,2,0,1,TBD
344,oqxB2,33,0,35,1.060606061,35,0,2,GC
345,oqxB25,1,0,1,1,1,0,1,TBD
346,oqxB29,1,0,1,1,1,0,1,TBD
347,oqxB5,1,0,1,1,1,0,1,TBD
348,qac,1,0,1,1,1,0,1,TBD
349,qacA,1,0,1,1,1,0,1,TBD
350,qacB,2,0,2,1,2,0,1,TBD
351,qacC,3,0,3,1,3,0,1,TBD
352,qacE,144,1,154,1.076923077,155.0769231,1.076923077,4,GC
353,qacEdelta1,1536,287,3827,3.064051241,4706.382706,879.3827062,3,SS
354,qacF,3,0,3,1,3,0,1,TBD
355,qacG2,77,2,94,1.253333333,96.50666667,2.506666667,4,GC
356,qacL,469,16,689,1.520971302,713.3355408,24.33554084,3,SS
357,qepA,23,1,28,1.272727273,29.27272727,1.272727273,2,GC
358,qepA1,18,0,19,1.055555556,19,0,2,GC
359,qnrA1,19,0,20,1.052631579,20,0,2,GC
360,qnrB,37,1,42,1.166666667,43.16666667,1.166666667,2,GC
361,qnrB1,12,0,12,1,12,0,2,GC
362,qnrB10,2,0,2,1,2,0,1,TBD
363,qnrB19,167,2,191,1.157575758,193.3151515,2.315151515,4,GC
364,qnrB2,8,0,8,1,8,0,2,GC
365,qnrB4,15,0,20,1.333333333,20,0,2,GC
366,qnrB6,17,0,17,1,17,0,2,GC
367,qnrB7,3,0,3,1,3,0,1,TBD
368,qnrD1,7,0,8,1.142857143,8,0,2,GC
369,qnrS,34,0,35,1.029411765,35,0,2,GC
370,qnrS1,524,7,760,1.470019342,770.2901354,10.2901354,3,SS
371,qnrS13,2,0,2,1,2,0,1,TBD
372,qnrS2,50,0,52,1.04,52,0,2,GC
373,qnrS4,2,0,2,1,2,0,1,TBD
374,qnrVC1,1,0,1,1,1,0,1,TBD
375,qnrVC4,3,0,3,1,3,0,1,TBD
376,rmtB,1,0,1,1,1,0,1,TBD
377,rmtB1,83,1,107,1.304878049,108.304878,1.304878049,4,GC
378,rmtB3,1,0,1,1,1,0,1,TBD
379,rmtC,15,0,19,1.266666667,19,0,2,GC
380,rmtD1,1,0,1,1,1,0,1,TBD
381,rmtE,3,0,3,1,3,0,1,TBD
382,rmtE1,4,0,5,1.25,5,0,2,GC
383,sat1,227,20,357,1.724637681,391.4927536,34.49275362,4,GC
384,sat2,365,122,1201,4.942386831,1803.971193,602.9711934,3,SS
385,sat4,1,0,1,1,1,0,1,TBD
386,smr,1,0,1,1,1,0,1,TBD
387,sul1,1551,283,3779,2.980283912,4622.420347,843.420347,3,SS
388,sul2,2155,749,7060,5.021337127,10820.98151,3760.981508,3,SS
389,sul3,531,10,807,1.548944338,822.4894434,15.48944338,3,SS
390,tet,46,0,46,1,46,0,2,GC
391,tet(31),4,0,4,1,4,0,2,GC
392,tet(41),1,0,3,3,3,0,1,TBD
393,tet(A),2006,425,5420,3.428209994,6876.989247,1456.989247,3,SS
394,tet(B),1768,144,4432,2.729064039,4824.985222,392.9852217,3,SS
395,tet(C),219,0,268,1.223744292,268,0,4,GC
396,tet(D),45,5,77,1.925,86.625,9.625,4,GC
397,tet(E),2,0,2,1,2,0,1,TBD
398,tet(G),1,0,1,1,1,0,1,TBD
399,tet(H-J),1,0,2,2,2,0,1,TBD
400,tet(H),1,0,1,1,1,0,1,TBD
401,tet(M-W-O-S),1,0,1,1,1,0,1,TBD
402,tet(M),279,2,343,1.238267148,345.4765343,2.476534296,4,GC
403,tet(O),1,0,1,1,1,0,1,TBD
404,tet(X),18,0,18,1,18,0,2,GC
405,tet(Y),2,0,2,1,2,0,1,TBD
406,tetA,1,0,1,1,1,0,1,TBD
407,vanR,1,0,1,1,1,0,1,TBD
408,vanY,1,0,1,1,1,0,1,TBD
409,vat,5,0,7,1.4,7,0,2,GC
